<?xml version="1.0" encoding="UTF-8"?>
<configuration debug="true">

    <!-- Appenders -->
    <appender name="console" class="ch.qos.logback.core.ConsoleAppender">
        <encoder>
            <charset>UTF-8</charset>
            <Pattern>%d %5p [%c] %m%n</Pattern>
        </encoder>
    </appender>

    <appender name="console-infolog" class="ch.qos.logback.core.ConsoleAppender">
        <encoder>
            <charset>UTF-8</charset>
            <Pattern>%d %5p %m%n</Pattern>
        </encoder>
    </appender>

    <!-- Logger : 아래 구문으로 콘솔에 로그의 종류를 제어할 수가 있다.-->
    <logger name="com.study" level="DEBUG" appender-ref="console" />
    <logger name="jdbc.sqlonly" level="INFO" appender-ref="console-infolog" />
    <logger name="jdbc.sqltiming" level="OFF" appender-ref="console-infolog" />
    <logger name="jdbc.resultsettable" level="INFO" appender-ref="console-infolog" />

    <!-- Root Logger -->
    <root level="info">
        <appender-ref ref="console" />
    </root>
</configuration>