<?xml version="1.0" encoding="UTF-8"?>
<!DOCTYPE mapper PUBLIC "-//mybatis.org//DTD Mapper 3.0//EN" "http://mybatis.org/dtd/mybatis-3-mapper.dtd">
<mapper namespace="com.ezen.shop.review.ReviewMapper">

	<select id="rev_list" resultType="com.ezen.shop.review.ReviewVO" parameterType="map">
	
		select 
			rev_code, mbsp_id, pro_num, rev_content, rev_rate, rev_date 
		from 
			review_tbl
		where 
			pro_num = #{pro_num}
		order by 
			rev_date desc
		limit 
			#{cri.pageStart}, #{cri.perPageNum}
	
	</select>
	
	<select id="getCountReviewByPro_num" resultType="int" parameterType="Integer">
	
		select 
			count(*) 
		from 
			review_tbl
		where 
			pro_num = #{pro_num}
	
	</select>
	
	<insert id="review_save" parameterType="com.ezen.shop.review.ReviewVO">
	
		insert into 
			review_tbl(mbsp_id,pro_num,rev_content,rev_rate)
		values
			(#{mbsp_id}, #{pro_num},#{rev_content},#{rev_rate})
	
	
	</insert>
	
	<select id="review_info" resultType="com.ezen.shop.review.ReviewVO" parameterType="Long">
	
		select
			rev_code, mbsp_id,pro_num,rev_content,rev_rate, rev_date
		from 
			review_tbl
		where
			rev_code = #{rev_code}
	
	</select>
	
	<update id="review_modify" parameterType="com.ezen.shop.review.ReviewVO">
	
		update
			review_tbl
		set
			rev_rate = #{rev_rate}, rev_content = #{rev_content}, rev_date = now()
		where
			rev_code = #{rev_code}	
	
	</update>
	
	
	<delete id="review_delete" parameterType="Long">
	
		delete from
			review_tbl
		where
			rev_code = #{rev_code}
			
	</delete>
	
	
	
	
	
	
	
	

</mapper>