<?xml version="1.0" encoding="UTF-8"?>
<!DOCTYPE mapper PUBLIC "-//mybatis.org//DTD Mapper 3.0//EN" "http://mybatis.org/dtd/mybatis-3-mapper.dtd">
<mapper namespace="com.ezen.shop.product.ProductMapper">

	<select id="getProductListBysecondCategory" resultType="com.ezen.shop.admin.product.ProductVO" parameterType="com.ezen.shop.common.utils.SearchCriteria">
	
		select 
			pro_num,cate_code,pro_name,pro_price,pro_discount,pro_publisher,pro_content,pro_up_folder,pro_img,pro_amount,pro_buy, pro_review, pro_date,pro_updatedate
		from 
			product_tbl
		where
			cate_code = #{cate_code}
		and
			pro_buy = 'Y'
							
		limit #{cri.pageStart}, #{cri.perPageNum}
	
	</select>
	
	<select id="getCountProductListBysecondCategory" resultType="int">
	
		select
			count(*)
		from 
			product_tbl
		where 
			cate_code = #{cate_code}
		and
			pro_buy = 'Y'
	
	</select>
	
	<select id="pro_info" resultType="com.ezen.shop.admin.product.ProductVO" parameterType="Integer">
	
		select 
			pro_num,cate_code,pro_name,pro_price,pro_discount,pro_publisher,pro_content,pro_up_folder,pro_img,pro_amount,pro_buy, pro_review, pro_date,pro_updatedate
		from 
			product_tbl
		where
			pro_num = #{pro_num}		
	
	</select>
	
	<update id="review_count" parameterType="Integer">
	
		update
			product_tbl
		set
			pro_review = pro_review + 1
		where
			pro_num = #{pro_num}	
	</update>
	
	<select id="review_count_pro_info" resultType="int">
	
		select 
			pro_review
		from 
			product_tbl
		where
			pro_num = #{pro_num}
			
	</select>


</mapper>